Product Title,Stock Status
M16 Sand Cutter Bolt Carrier,Out of Stock
SR-15 IWS LOWER RECEIVER COMPLETE,Out of Stock
"6.5mm (0.264"") 147gr ELD Match 2,000/Box",Out of Stock
"6.5mm (0.264"") 147gr ELD Match 100/Box",Out of Stock
AR-15 MARS-L STRIPPED LOWER RECEIVER AMBIDEXTROUS 5.56,Out of Stock
"Small Pistol Primers 1,000/Box",Out of Stock
"Large Pistol Primers 1,000/Box",Out of Stock
"Large Pistol Magnum Primers 1,000/Box",Out of Stock
"Small Pistol Magnum Primers 1,000/Box",Out of Stock
"Large Pistol Primers 5,000/Case",Out of Stock
"Small Pistol Magnum Primers 5,000/Case",Out of Stock
"Large Pistol Magnum Primers 5,000/Case",Out of Stock
"Small Pistol Primers 5,000/Case",Out of Stock
SP5K-PDW 9MM 30+1,Out of Stock
"Hot Button MLOK Single Lead Surefire 9"" Black",Pre-Order
"Hot Button MLOK Single Lead Surefire 9"" FDE",Out of Stock
"Hot Button MLOK Single Lead Laser 9"" Black",Pre-Order
"Hot Button MLOK Single Lead Laser 9"" FDE",Pre-Order
"Hot Button Rail Mount Single Lead Surefire 9"" Black",Pre-Order
"Hot Button Rail Mount Single Lead Surefire 9"" FDE",Out of Stock
"Hot Button Rail Mount Single Lead Laser 9"" Black",In Stock
"Hot Button Rail Mount Single Lead Laser 9"" FDE",Out of Stock
"Hot Button MLOK Dual Lead Surefire/Laser 9"" Black",Pre-Order
"Hot Button MLOK Dual Lead Surefire/Laser 9"" FDE",Pre-Order
"Hot Button MLOK Dual Lead Laser/Laser 9"" Black",Pre-Order
"Hot Button MLOK Dual Lead Laser/Laser 9"" FDE",Pre-Order
"Hot Button Rail Mount Dual Lead Surefire/Laser 9"" Black",Pre-Order
"Hot Button Rail Mount Dual Lead Surefire/Laser 9"" FDE",Pre-Order
"Hot Button Rail Mount Dual Lead Laser/Laser 9"" Black",Pre-Order
"Hot Button Rail Mount Dual Lead Laser/Laser 9"" FDE",Pre-Order
"30mm 1.54"" 0 MOA Modular Mount, Tan",In Stock
"34mm 1.54"" 0 MOA Modular Mount, Tan",Out of Stock
"35mm 1.54"" 0 MOA Modular Mount, Tan",In Stock
"30mm 1.54"" 20 MOA Modular Mount, Tan",In Stock
"34mm 1.54"" 20 MOA Modular Mount, Tan",Out of Stock
"35mm 1.54"" 20 MOA Modular Mount, Tan",In Stock
"30mm 1.70"" 0 MOA Modular Mount, Tan",Out of Stock
"34mm 1.70"" 0 MOA Modular Mount, Tan",Out of Stock
"30mm 1.93"" 0 MOA Modular Mount, Tan",Out of Stock
"34mm 1.93"" 0 MOA Modular Mount, Tan",Out of Stock
"30mm 1.54"" 0 MOA Modular Mount, Black",Out of Stock
"34mm 1.54"" 0 MOA Modular Mount, Black",Out of Stock
"35mm 1.54"" 0 MOA Modular Mount, Black",Out of Stock
"30mm 1.54"" 20 MOA Modular Mount, Black",In Stock
"34mm 1.54"" 20 MOA Modular Mount, Black",Out of Stock
"35mm 1.54"" 20 MOA Modular Mount, Black",Out of Stock
"30mm 1.70"" 0 MOA Modular Mount, Black",Out of Stock
"34mm 1.70"" 0 MOA Modular Mount, Black",Out of Stock
"30mm 1.93"" 0 MOA Modular Mount, Black",Out of Stock
"34mm 1.93"" 0 MOA Modular Mount, Black",Out of Stock
